epoch,lr-Adam,step,train_loss_step
,0.03,0,
0,,49,20.843313217163086
0,,99,22.479888916015625
0,,149,20.191619873046875
