epoch,lr-Adam,step,train_loss_step
,0.03,0,
0,,49,25.81321144104004
0,,99,25.327102661132812
0,,149,20.932538986206055
