epoch,lr-Adam,step,train_loss_step
,0.03,0,
0,,49,22.75707244873047
0,,99,22.16038703918457
0,,149,22.407941818237305
0,,199,20.37782859802246
